{"cameraMode":{"drawMode":0,"name":"Shaded","section":"Shading Mode"},"sceneLighting":true,"audioPlay":false,"sceneViewState":{"m_AlwaysRefresh":false,"showFog":true,"showSkybox":true,"showFlares":true,"showImageEffects":true,"showParticleSystems":true,"showVisualEffectGraphs":true,"m_FxEnabled":true},"in2DMode":false,"pivot":{"x":21.141733169555665,"y":437.55584716796877,"z":-121.13276672363281},"rotation":{"x":0.000016927268006838858,"y":0.9959737658500671,"z":-0.091694675385952,"w":0.0023200444411486389},"size":8.380764961242676,"orthographic":false}