{"cameraMode":{"drawMode":0,"name":"Shaded","section":"Shading Mode"},"sceneLighting":true,"audioPlay":false,"sceneViewState":{"m_AlwaysRefresh":false,"showFog":true,"showSkybox":true,"showFlares":true,"showImageEffects":true,"showParticleSystems":true,"showVisualEffectGraphs":true,"m_FxEnabled":true},"in2DMode":false,"pivot":{"x":-20.700000762939454,"y":35.470001220703128,"z":-92.19000244140625},"rotation":{"x":-0.19838780164718629,"y":0.03317654877901077,"z":-0.006835088599473238,"w":-0.9796621799468994},"size":3.063499927520752,"orthographic":false}