{"cameraMode":{"drawMode":0,"name":"Shaded","section":"Shading Mode"},"sceneLighting":true,"audioPlay":false,"sceneViewState":{"m_AlwaysRefresh":false,"showFog":true,"showSkybox":true,"showFlares":true,"showImageEffects":true,"showParticleSystems":true,"showVisualEffectGraphs":true,"m_FxEnabled":true},"in2DMode":false,"pivot":{"x":-132.40646362304688,"y":-83.31474304199219,"z":128.09620666503907},"rotation":{"x":-0.19514307379722596,"y":0.37890002131462099,"z":-0.08209922909736633,"w":-0.9009764790534973},"size":108.59663391113281,"orthographic":false}