{"cameraMode":{"drawMode":0,"name":"Shaded","section":"Shading Mode"},"sceneLighting":true,"audioPlay":false,"sceneViewState":{"m_AlwaysRefresh":false,"showFog":true,"showSkybox":true,"showFlares":true,"showImageEffects":true,"showParticleSystems":true,"showVisualEffectGraphs":true,"m_FxEnabled":false},"in2DMode":false,"pivot":{"x":12.678858757019043,"y":26.113361358642579,"z":77.48772430419922},"rotation":{"x":0.06968431919813156,"y":-0.9302034974098206,"z":0.2652726173400879,"w":0.2442631721496582},"size":18.082733154296876,"orthographic":false}