{"cameraMode":{"drawMode":0,"name":"Shaded","section":"Shading Mode"},"sceneLighting":true,"audioPlay":false,"sceneViewState":{"m_AlwaysRefresh":false,"showFog":true,"showSkybox":true,"showFlares":true,"showImageEffects":true,"showParticleSystems":true,"showVisualEffectGraphs":true,"m_FxEnabled":true},"in2DMode":false,"pivot":{"x":-40.616634368896487,"y":74.54704284667969,"z":958.8067626953125},"rotation":{"x":0.003420477034524083,"y":-0.9982224702835083,"z":-0.03893503546714783,"w":0.054259177297353747},"size":42.35795593261719,"orthographic":false}