{"cameraMode":{"drawMode":0,"name":"Shaded","section":"Shading Mode"},"sceneLighting":true,"audioPlay":false,"sceneViewState":{"m_AlwaysRefresh":false,"showFog":true,"showSkybox":true,"showFlares":true,"showImageEffects":true,"showParticleSystems":true,"showVisualEffectGraphs":true,"m_FxEnabled":true},"in2DMode":false,"pivot":{"x":0.2796905040740967,"y":2.417969226837158,"z":-3.1531848907470705},"rotation":{"x":0.08346106112003327,"y":0.07799798995256424,"z":-0.013386613689363003,"w":0.9938759207725525},"size":0.5762160420417786,"orthographic":false}